13716226,13709508,13716226
13715456,13714617,13715456
13716173,13711829,13716173
13716574,13716232
13716232,,13716232
13716193,,13716193
13716216,13712247,13716216
13715983,13711809,13715983
13716654,13716097
13718974,13716097
13716097,,13716097
13716102,13714519,13716102
13716199,13715896,13716199
13718393,13716227
13716227,,13716227
13717735,13716220
13718264,13716220
13720202,13716220
13716220,,13716220
13716253,,13716253
13716186,,13716186
13716197,13716001,13716197
13716596,13716242
13716242,,13716242
13716280,13716167,13716280
13725139,13716307
13729046,13716307
13745154,13716307
13716307,,13716307
13714279,,13714279
13714331,13711801,13714331
13714436,13698076,13714436
13714733,,13714733
13714784,13711801,13714784
13715176,,13715176
13715320,13711034,13715320
13716320,,13716320
13715340,13712609,13715340
13721331,13715464
13751347,13715464
13802448,13715464
13715464,,13715464
13716506,13715482
13717545,13715482
13715482,,13715482
13715524,13711034,13715524
13715541,,13715541
13715713,,13715713
13715794,13711691,13715794
13715855,13691294,13715855
13715984,,13715984
13715999,,13715999
13721608,13716017
13716017,,13716017
13718610,13716137
13719431,13716137
13719824,13716137
13716137,,13716137
13716156,,13716156
13716335,13716325
13716325,,13716325
13723397,13716243
13724972,13716243
13727691,13716243
13716243,,13716243
13716916,13715841
13715841,,13715841
13716335,13716325,13716335
13715869,13714617,13715869
13716834,13716351
13716351,,13716351
13716353,,13716353
13716640,13716357
13716357,,13716357
13718285,13716282
13716282,,13716282
13716369,13712473,13716369
13716312,13711651,13716312
13716380,,13716380
13716652,13716345
13716657,13716345
13717737,13716345
13716345,,13716345
13716348,13712437,13716348
13716723,13716359
13717673,13716359
13718618,13716359
13716359,,13716359
13716263,13715214,13716263
13716257,13715208,13716257
13717286,13716264
13716264,,13716264
13716266,,13716266
13716273,13715459,13716273
13716291,13712969,13716291
13716301,13714890,13716301
13716859,13716328
13717242,13716328
13719931,13716328
13716328,,13716328
13716338,13714694,13716338
13716358,13714576,13716358
13716401,13716057,13716401
13716517,13716405
13716802,13716405
13716405,,13716405
13716769,13716414
13716824,13716414
13717617,13716414
13716414,,13716414
13718037,13716423
13718056,13716423
13718389,13716423
13716423,,13716423
13716424,13712753,13716424
13716647,13716427
13717231,13716427
13717684,13716427
13716427,,13716427
13716429,13713382,13716429
13716438,,13716438
13716473,13716449
13716449,,13716449
13716453,13716150,13716453
13716428,13716359,13716428
13716459,,13716459
13716457,,13716457
13716472,13682206,13716472
13716455,13712440,13716455
13716462,13715734,13716462
13716476,13712907,13716476
13716467,13715214,13716467
13716488,13716414,13716488
13716494,13704625,13716494
13716491,13714835,13716491
13715756,,13715756
13715847,13714430,13715847
13715865,13714248,13715865
13716509,,13716509
13716514,13681747,13716514
13716516,,13716516
13716527,,13716527
13716132,,13716132
13728126,13716564
13716564,,13716564
13716136,,13716136
13716582,13716139
13716988,13716139
13718366,13716139
13716139,,13716139
13716143,,13716143
13716608,13716144
13716144,,13716144
13718002,13716151
13716151,,13716151
13716157,,13716157
13716162,13716150,13716162
13716166,,13716166
13716696,13716184
13717300,13716184
13718821,13716184
13716184,,13716184
13718168,13716194
13716194,,13716194
13716771,13716202
13718185,13716202
13716202,,13716202
13716203,,13716203
13716209,,13716209
13716215,,13716215
13717071,13716223
13717574,13716223
13718530,13716223
13716223,,13716223
13718907,13716224
13716224,,13716224
13716235,,13716235
13716239,,13716239
13717523,13716245
13717974,13716245
13718767,13716245
13716245,,13716245
13716715,13716248
13716248,,13716248
13717770,13716252
13718503,13716252
13718672,13716252
13716252,,13716252
13717789,13716255
13716255,,13716255
13716261,,13716261
13716595,,13716595
13716618,13716267
13716267,,13716267
13716612,13716269
13718229,13716269
13718420,13716269
13716269,,13716269
13717037,13716274
13718554,13716274
13718675,13716274
13716274,,13716274
13716680,13716276
13716276,,13716276
13718067,13716277
13716277,,13716277
13716611,13716116,13716611
13716613,13715624,13716613
13716674,13716278
13716278,,13716278
13716626,13714142,13716626
13716287,,13716287
13716292,13716150,13716292
13716295,,13716295
13716300,,13716300
13716683,13716304
13716304,,13716304
13716306,,13716306
13717399,13716311
13717605,13716311
13718739,13716311
13716311,,13716311
13716314,,13716314
13716640,13716357,13716640
13716315,,13716315
13716318,,13716318
13716319,13716150,13716319
13716322,,13716322
13716324,,13716324
13716690,13716329
13717122,13716329
13716329,,13716329
13716712,13716330
13717155,13716330
13718539,13716330
13716330,,13716330
13716717,13716336
13716336,,13716336
13715878,,13715878
13716893,13715922
13717153,13715922
13718074,13715922
13715922,,13715922
13715932,,13715932
13716023,,13716023
13716081,,13716081
13717183,13716082
13717681,13716082
13718594,13716082
13716082,,13716082
13717657,13716088
13717984,13716088
13718041,13716088
13716088,,13716088
13718208,13716221
13716221,,13716221
13716233,,13716233
13717649,13716244
13718064,13716244
13718095,13716244
13716244,,13716244
13716270,,13716270
13716371,,13716371
13717440,13716408
13718031,13716408
13718318,13716408
13716408,,13716408
13716421,13715882,13716421
13716451,,13716451
13717266,13716463
13716463,,13716463
13717473,13716598
13718027,13716598
13718077,13716598
13716598,,13716598
13716607,13715882,13716607
13714581,,13714581
13715287,,13715287
13715428,,13715428
13715819,,13715819
13715832,,13715832
13715842,,13715842
13715925,,13715925
13715254,,13715254
13716362,13705950,13716362
13714898,,13714898
13714968,13697946,13714968
13713931,,13713931
13719683,13716691
13716691,,13716691
13715161,13686208,13715161
13714882,13626868,13714882
13716337,,13716337
13716339,,13716339
13716340,,13716340
13716355,13716150,13716355
13716360,,13716360
13716363,13716150,13716363
13716364,,13716364
13716370,,13716370
13716373,,13716373
13716374,,13716374
13717150,13716382
13716382,,13716382
13716385,,13716385
13716386,13716150,13716386
13716754,13716387
13718500,13716387
13716387,,13716387
13716648,,13716648
13716693,13716088,13716693
13716697,13715922,13716697
13717755,13716388
13717848,13716388
13718128,13716388
13716388,,13716388
13716395,,13716395
13716759,13716403
13718293,13716403
13716403,,13716403
13716406,,13716406
13716407,,13716407
13716410,,13716410
13716412,13716150,13716412
13716415,,13716415
13716416,,13716416
13716417,,13716417
13716426,,13716426
13716430,,13716430
13716433,13716150,13716433
13716440,,13716440
13716441,,13716441
13716443,,13716443
13716740,13699154,13716740
13716795,13716447
13716447,,13716447
13716448,13716150,13716448
13716450,,13716450
13716452,,13716452
13716772,13716461
13716461,,13716461
13716779,13716464
13717461,13716464
13716464,,13716464
13716465,13716150,13716465
13716470,,13716470
13716473,13716449,13716473
13716842,13716477
13716869,13716477
13717104,13716477
13716477,,13716477
13716478,,13716478
13716484,13716150,13716484
13716485,13716150,13716485
13716487,,13716487
13716490,,13716490
13716495,,13716495
13716507,,13716507
13716508,,13716508
13716523,,13716523
13716541,,13716541
13716542,13716150,13716542
13716544,13716150,13716544
13716545,,13716545
13716558,13716150,13716558
13718584,13716565
13716565,,13716565
13716863,13716569
13716569,,13716569
13716810,13716571
13716571,,13716571
13717113,13716787
13716787,,13716787
13716582,13716139,13716582
13716868,13716513
13717230,13716513
13717664,13716513
13716513,,13716513
13716515,13716427,13716515
13716517,13716405,13716517
13716589,,13716589
13716599,13716150,13716599
13716604,,13716604
13716608,13716144,13716608
13716609,13716274,13716609
13716612,13716269,13716612
13716618,13716267,13716618
13716623,13716252,13716623
13716630,13716150,13716630
13716510,,13716510
13716631,,13716631
13716632,13716245,13716632
13716642,,13716642
13716649,,13716649
13716986,13716655
13718380,13716655
13718601,13716655
13716655,,13716655
13716663,13716150,13716663
13716927,13716664
13718396,13716664
13716664,,13716664
13716667,,13716667
13716674,13716278,13716674
13716680,13716276,13716680
13716683,13716304,13716683
13716965,13716687
13717262,13716687
13718406,13716687
13716687,,13716687
13716913,13716688
13716688,,13716688
13717548,13716689
13716689,,13716689
13716690,13716329,13716690
13716696,13716184,13716696
13716846,13716698
13717020,13716698
13717198,13716698
13716698,,13716698
13716765,,13716765
13716782,13715922,13716782
13716805,,13716805
13716816,13715922,13716816
13716864,,13716864
13716862,13710287,13716862
13717216,13716520
13717363,13716520
13717612,13716520
13716520,,13716520
13716522,13716427,13716522
13717596,13716524
13717805,13716524
13716524,,13716524
13716525,13712650,13716525
13720147,13716872
13724537,13716872
13726081,13716872
13716872,,13716872
13716526,,13716526
13717585,13716531
13717766,13716531
13718314,13716531
13716531,,13716531
13716701,,13716701
13716703,,13716703
13716704,,13716704
13716708,,13716708
13716712,13716330,13716712
13716715,13716248,13716715
13716853,13714769,13716853
13717752,13716851
13717927,13716851
13718813,13716851
13716851,,13716851
13716717,13716336,13716717
13716855,,13716855
13716859,13716328,13716859
13716866,13716513,13716866
13716867,13712630,13716867
13716727,,13716727
13716868,13716513,13716868
13716729,,13716729
13716731,,13716731
13716973,13716738
13717054,13716738
13716738,,13716738
13716742,,13716742
13716882,13714972,13716882
13716747,,13716747
13716748,,13716748
13716919,,13716919
13718382,13716890
13716890,,13716890
13716754,13716387,13716754
13718144,13716925
13719428,13716925
13716925,,13716925
13716970,13716757
13717301,13716757
13716757,,13716757
13716759,13716403,13716759
13716954,13716763
13716966,13716763
13717255,13716763
13716763,,13716763
13716892,13712290,13716892
13716899,13712273,13716899
13716991,13716764
13717856,13716764
13716764,,13716764
13716900,,13716900
13716903,13711898,13716903
13717180,13716865
13717528,13716865
13717865,13716865
13716865,,13716865
13717059,13716766
13716766,,13716766
13716963,13716770
13716770,,13716770
13716788,,13716788
13716771,13716202,13716771
13716772,13716461,13716772
13716789,13712119,13716789
13716797,13715734,13716797
13716793,,13716793
13716802,13716405,13716802
13716779,13716464,13716779
13716806,,13716806
13716811,13716026,13716811
13716814,13713690,13716814
13716808,,13716808
13716821,13716513,13716821
13716818,13715993,13716818
13716822,13713424,13716822
13716824,13716414,13716824
13716825,13712587,13716825
13716951,13716780
13717340,13716780
13717345,13716780
13716780,,13716780
13716790,,13716790
13716791,,13716791
13716792,,13716792
13716794,13716388,13716794
13716830,,13716830
13716829,,13716829
13716795,13716447,13716795
13716833,13712549,13716833
13716796,,13716796
13716798,,13716798
13716801,,13716801
13716841,13714854,13716841
13716809,,13716809
13716847,13712932,13716847
13716810,13716571,13716810
13716812,,13716812
13716815,,13716815
13716999,13716849
13717205,13716849
13716849,,13716849
13716823,,13716823
13716826,,13716826
13716827,,13716827
13716842,13716477,13716842
13717200,13716845
13716845,,13716845
13716943,,13716943
13716850,13714803,13716850
13716846,13716698,13716846
13716854,,13716854
13718415,13716857
13718487,13716857
13719106,13716857
13716857,,13716857
13716860,,13716860
13716861,,13716861
13716714,,13716714
13716863,13716569,13716863
13716869,13716477,13716869
13718572,13716728
13716728,,13716728
13716871,,13716871
13717219,13716875
13717276,13716875
13716875,,13716875
13717235,13716880
13717613,13716880
13718523,13716880
13716880,,13716880
13717191,13716888
13716888,,13716888
13716889,,13716889
13717202,13716897
13717406,13716897
13717544,13716897
13716897,,13716897
13716817,13715532,13716817
13716834,13716351,13716834
13716870,13716116,13716870
13717093,13716911
13717106,13716911
13717146,13716911
13716911,,13716911
13716913,13716688,13716913
13716885,,13716885
13716917,13716687,13716917
13717182,13716920
13717208,13716920
13717294,13716920
13716920,,13716920
13717145,13716924
13717391,13716924
13716924,,13716924
13717704,13716876
13718026,13716876
13719836,13716876
13716876,,13716876
13716927,13716664,13716927
13716616,13712973,13716616
13716930,13716655,13716930
13716933,,13716933
13716605,13712056,13716605
13717031,13716936
13717517,13716936
13716936,,13716936
13716939,,13716939
13717446,13716942
13717508,13716942
13717571,13716942
13716942,,13716942
13716945,13716150,13716945
13717494,13716946
13717936,13716946
13718059,13716946
13716946,,13716946
13717247,13716948
13717252,13716948
13717491,13716948
13716948,,13716948
13716951,13716780,13716951
13717355,13716952
13717481,13716952
13718587,13716952
13716952,,13716952
13716954,13716763,13716954
13716962,,13716962
13717251,13716844
13717996,13716844
13716844,,13716844
13716856,13715922,13716856
13717268,13716881
13717434,13716881
13717465,13716881
13716881,,13716881
13716883,13716088,13716883
13717098,13716891
13717695,13716891
13717721,13716891
13716891,,13716891
13716893,13715922,13716893
13717236,13716898
13717594,13716898
13716898,,13716898
13718159,13716941
13716941,,13716941
13716944,13716244,13716944
13714616,13709872,13714616
13714633,,13714633
13714636,,13714636
13705210,12472422,13705210
13705223,12472469,13705223
13705257,12472998,13705257
13716398,,13716398
13716540,,13716540
13716578,,13716578
13717827,13716587
13716587,,13716587
13716646,,13716646
13719227,13716707
13719472,13716707
13719645,13716707
13716707,,13716707
13716831,,13716831
13711002,13690988,13711002
13715850,13699572,13715850
13715866,13697829,13715866
13710643,,13710643
13712354,,13712354
13714139,13501766,13714139
13714247,,13714247
13716230,,13716230
13707523,13546225,13707523
10220750,,10220750
13456052,,13456052
13296814,,13296814
11512925,,11512925
10542164,,10542164
13543464,,13543464
10376161,,10376161
10804405,,10804405
13716963,13716770,13716963
13716965,13716687,13716965
13716966,13716763,13716966
13717621,13716967
13718620,13716967
13718704,13716967
13716967,,13716967
13716969,13716956,13716969
13716970,13716757,13716970
13716973,13716738,13716973
13706378,,13706378
13716536,13711898,13716536
13717489,13716519
13717503,13716519
13717723,13716519
13716519,,13716519
13716539,13711898,13716539
13716547,13711880,13716547
13716552,13713606,13716552
13716555,13712674,13716555
13717151,13716561
13716561,,13716561
13716562,,13716562
13716575,13711895,13716575
13717139,13716997
13716997,,13716997
13717133,13716581
13717754,13716581
13716581,,13716581
13716584,13713650,13716584
13716998,13712473,13716998
13716563,13716414,13716563
13716592,13716220,13716592
13716597,13716145,13716597
13716601,13714915,13716601
13716767,13713187,13716767
13716761,13713348,13716761
13716768,13711896,13716768
13716769,13716414,13716769
13716777,13713556,13716777
13716838,13714896,13716838
13716908,13716057,13716908
13716909,13711927,13716909
13716914,13712556,13716914
13718213,13716929
13719369,13716929
13719581,13716929
13716929,,13716929
13716934,13712267,13716934
13717015,13715848,13717015
13717035,13715190,13717035
13717062,13716956,13717062
13717066,,13717066
13716784,13713682,13716784
13716935,13711809,13716935
13717178,13716922
13716922,,13716922
13716999,13716849,13716999
13716985,,13716985
13717025,13712165,13717025
13717034,,13717034
13717036,,13717036
13717040,13712161,13717040
13717181,13717052
13717052,,13717052
13717055,13712119,13717055
13717800,13717053
13717053,,13717053
13717068,13711896,13717068
13716682,,13716682
13716685,13714214,13716685
13716684,13712650,13716684
13716695,13716119,13716695
13717940,13717091
13718897,13717091
13719137,13717091
13717091,,13717091
13716686,,13716686
13716706,13714061,13716706
13716709,,13716709
13716716,,13716716
13716720,13711829,13716720
13716722,13711757,13716722
13716725,13711781,13716725
13715027,13714620,13715027
13715066,,13715066
13715126,13706948,13715126
13718000,13715155
13718513,13715155
13718901,13715155
13715155,,13715155
13715301,13708466,13715301
13717989,13717105
13717105,,13717105
13718585,13716502
13716502,,13716502
13717113,13716787,13717113
13716529,13716423,13716529
13716534,13711909,13716534
13716543,13716001,13716543
13716548,13715874,13716548
13717119,13716942,13717119
13716560,13715381,13716560
13716579,13715214,13716579
13716596,13716242,13716596
13717383,13717128
13717390,13717128
13718786,13717128
13717128,,13717128
13716650,13716423,13716650
13716652,13716345,13716652
13716657,13716345,13716657
13718286,13717144
13720654,13717144
13717144,,13717144
13717145,13716924,13717145
13717182,13716920,13717182
13717202,13716897,13717202
13717210,13716130,13717210
13717209,,13717209
13717217,13717128,13717217
13717235,13716880,13717235
13717238,,13717238
13717243,13715882,13717243
13717515,13716975
13716975,,13716975
13716976,,13716976
13717501,13716978
13716978,,13716978
13716980,13716920,13716980
13717293,13716981
13717510,13716981
13718607,13716981
13716981,,13716981
13716986,13716655,13716986
13716988,13716139,13716988
13716991,13716764,13716991
13716994,13716956,13716994
13716995,,13716995
13717007,,13717007
13717010,13716150,13717010
13717011,,13717011
13717018,13716952,13717018
13717384,13717019
13717019,,13717019
13717020,13716698,13717020
13717021,13716956,13717021
13717031,13716936,13717031
13717249,,13717249
13717259,,13717259
13718908,13717260
13719636,13717260
13717260,,13717260
13717276,13716875,13717276
13716984,,13716984
13717004,13716082,13717004
13717044,13716244,13717044
13717691,13717064
13717988,13717064
13717064,,13717064
13717098,13716891,13717098
13717153,13715922,13717153
13717175,,13717175
13717183,13716082,13717183
13717201,,13717201
13717236,13716898,13717236
13728112,13717290
13717290,,13717290
13717037,13716274,13717037
13717039,,13717039
13717743,13717041
13717041,,13717041
13717045,13716952,13717045
13717047,,13717047
13717048,,13717048
13717054,13716738,13717054
13718463,13717056
13717056,,13717056
13717058,13716952,13717058
13717059,13716766,13717059
13717061,,13717061
13717063,,13717063
13717701,13717065
13718455,13717065
13719108,13717065
13717065,,13717065
13717433,13717069
13718386,13717069
13719088,13717069
13717069,,13717069
13717070,13716223,13717070
13717071,13716223,13717071
13717431,13717072
13718421,13717072
13717072,,13717072
13717075,13716956,13717075
13717076,13716920,13717076
13717077,,13717077
13717870,13717078
13717914,13717078
13718324,13717078
13717078,,13717078
13717080,13716956,13717080
13717082,,13717082
13717084,,13717084
13717085,,13717085
13717324,,13717324
13717977,13717331
13719110,13717331
13719461,13717331
13717331,,13717331
13716538,,13716538
13716551,,13716551
13716602,,13716602
13717580,13716619
13716619,,13716619
13716621,,13716621
13719074,13716624
13716624,,13716624
13716628,13715734,13716628
13716633,,13716633
13716634,13716414,13716634
13718022,13716635
13716635,,13716635
13717665,13716638
13719063,13716638
13716638,,13716638
13716639,,13716639
13716641,,13716641
13716647,13716427,13716647
13716651,,13716651
13719099,13716653
13716653,,13716653
13716654,13716097,13716654
13716659,13714835,13716659
13716662,13714488,13716662
13716668,13715896,13716668
13716673,13711900,13716673
13716676,13712161,13716676
13716679,13715636,13716679
13717845,13717343
13718302,13717343
13719551,13717343
13717343,,13717343
13717907,13716705
13718494,13716705
13719783,13716705
13716705,,13716705
13716710,13714915,13716710
13716713,13716414,13716713
13716733,13711809,13716733
13716744,13714519,13716744
13716746,13716414,13716746
13716750,,13716750
13716751,,13716751
13716755,13716019,13716755
13716758,13713930,13716758
13716760,,13716760
13717042,13716220,13717042
13717083,13711900,13717083
13717641,13717089
13717881,13717089
13717089,,13717089
13717116,13712556,13717116
13717124,13712440,13717124
13717126,13716929,13717126
13717133,13716581,13717133
13717136,,13717136
13717138,,13717138
13717139,13716997,13717139
13717151,13716561,13717151
13717362,13715588,13717362
13717086,,13717086
13717087,13716942,13717087
13717093,13716911,13717093
13717095,,13717095
13717096,,13717096
13717099,13716967,13717099
13717423,13717100
13717100,,13717100
13717101,13716956,13717101
13717104,13716477,13717104
13717106,13716911,13717106
13717110,13716967,13717110
13717111,13716942,13717111
13717117,,13717117
13717122,13716329,13717122
13717135,13716942,13717135
13717140,13716956,13717140
13717146,13716911,13717146
13717149,13716952,13717149
13717150,13716382,13717150
13717155,13716330,13717155
13717158,13716942,13717158
13716460,,13716460
13717203,,13717203
13716062,13684507,13716062
13715864,,13715864
13715967,,13715967
13717186,,13717186
13717383,13717128,13717383
13717386,,13717386
13717390,13717128,13717390
13724833,13717412
13737326,13717412
13797074,13717412
13717412,,13717412
13717152,,13717152
13717157,13712119,13717157
13717178,13716922,13717178
13717180,13716865,13717180
13717181,13717052,13717181
13717189,,13717189
13717604,13717195
13717195,,13717195
13717199,13716519,13717199
13717205,13716849,13717205
13717212,13716531,13717212
13717216,13716520,13717216
13717221,13714915,13717221
13717230,13716513,13717230
13717231,13716427,13717231
13717233,13712092,13717233
13717241,,13717241
13717242,13716328,13717242
13717258,13711900,13717258
13717264,,13717264
13717270,13716220,13717270
13717279,13713650,13717279
13717282,13713457,13717282
13717286,13716264,13717286
13717418,,13717418
13717429,13715292,13717429
13717437,,13717437
13718597,13717438
13718648,13717438
13719290,13717438
13717438,,13717438
13717999,13717097
13717097,,13717097
13717159,13716920,13717159
13717160,13716920,13717160
13717161,,13717161
13717163,13716956,13717163
13717895,13717164
13718247,13717164
13718881,13717164
13717164,,13717164
13717166,,13717166
13717167,13716942,13717167
13717174,,13717174
13717176,13716952,13717176
13717179,,13717179
13717187,13716942,13717187
13717190,13716897,13717190
13717191,13716888,13717191
13717192,13716942,13717192
13717194,,13717194
13717198,13716698,13717198
13717200,13716845,13717200
13717206,,13717206
13717208,13716920,13717208
13717213,13716857,13717213
13717219,13716875,13717219
13717488,13717222
13717222,,13717222
13717472,,13717472
13717224,,13717224
13717240,,13717240
13717247,13716948,13717247
13717252,13716948,13717252
13717253,,13717253
13717838,13717254
13717254,,13717254
13717255,13716763,13717255
13717257,,13717257
13717261,,13717261
13717262,13716687,13717262
13717265,13716956,13717265
13717591,13717271
13717271,,13717271
13717557,13717272
13717717,13717272
13717272,,13717272
13717275,13716952,13717275
13717278,,13717278
13717497,,13717497
13717666,13717511
13717826,13717511
13718903,13717511
13717511,,13717511
13717520,13715055,13717520
13717783,13717289
13717289,,13717289
13717293,13716981,13717293
13717294,13716920,13717294
13717295,13716946,13717295
13717300,13716184,13717300
13717301,13716757,13717301
13717303,,13717303
13717304,,13717304
13717305,,13717305
13717309,13716150,13717309
13717318,,13717318
13717320,,13717320
13717321,,13717321
13717326,,13717326
13717327,13716150,13717327
13717645,13717330
13717953,13717330
13717330,,13717330
13717340,13716780,13717340
13717341,13716956,13717341
13717342,,13717342
13717345,13716780,13717345
13717346,13716946,13717346
13718148,13717526
13718258,13717526
13718682,13717526
13717526,,13717526
13718878,13717530
13719236,13717530
13736958,13717530
13717530,,13717530
13717547,13715004,13717547
13717347,,13717347
13717351,13717078,13717351
13717354,,13717354
13717355,13716952,13717355
13717358,,13717358
13717361,,13717361
13717364,,13717364
13717366,,13717366
13718485,13717367
13717367,,13717367
13717369,13716942,13717369
13717916,13717376
13719161,13717376
13717376,,13717376
13717381,,13717381
13717711,13717382
13717382,,13717382
13717384,13717019,13717384
13718379,13717388
13718684,13717388
13718711,13717388
13717388,,13717388
13717391,13716924,13717391
13717393,,13717393
13717399,13716311,13717399
13717718,13717400
13717771,13717400
13717400,,13717400
13717404,,13717404
13717405,13717078,13717405
13717406,13716897,13717406
13718122,13717635
13717635,,13717635
13717296,13716119,13717296
13717306,13716026,13717306
13717323,13715896,13717323
13717328,13715739,13717328
13717332,13713794,13717332
13717334,13715729,13717334
13717338,13715714,13717338
13717349,13712278,13717349
13717350,,13717350
13717352,,13717352
13717357,13711896,13717357
13717372,13712119,13717372
13719950,13717385
13717385,,13717385
13717756,13717392
13717392,,13717392
13717396,,13717396
13717420,13713068,13717420
13718047,13717425
13718531,13717425
13717425,,13717425
13717733,13717441
13717441,,13717441
13717456,13714760,13717456
13717463,13712278,13717463
13717470,,13717470
13717480,,13717480
13717652,13706516,13717652
13718193,13717654
13718350,13717654
13719963,13717654
13717654,,13717654
13717901,13717662
13718018,13717662
13717662,,13717662
13717329,,13717329
13717363,13716520,13717363
13717486,,13717486
13717489,13716519,13717489
13717503,13716519,13717503
13717528,13716865,13717528
13719116,13717533
13717533,,13717533
13717534,13711895,13717534
13717537,13711976,13717537
13717541,,13717541
13717550,,13717550
13717976,13717556
13717556,,13717556
13717567,13716851,13717567
13717572,13711809,13717572
13717576,13716929,13717576
13717580,13716619,13717580
13717585,13716531,13717585
13717596,13716524,13717596
13717604,13717195,13717604
13717612,13716520,13717612
13717617,13716414,13717617
13718492,13717620
13717620,,13717620
13717641,13717089,13717641
13717694,13714523,13717694
13717266,13716463,13717266
13717268,13716881,13717268
13717273,13716244,13717273
13717284,,13717284
13717964,13717317
13717990,13717317
13718166,13717317
13717317,,13717317
13717973,13717360
13718438,13717360
13718481,13717360
13717360,,13717360
13717403,,13717403
13717415,,13717415
13717434,13716881,13717434
13717440,13716408,13717440
13717968,13717453
13718493,13717453
13717453,,13717453
13717465,13716881,13717465
13717468,,13717468
13718419,13717475
13718447,13717475
13718452,13717475
13717475,,13717475
13718567,13717504
13717504,,13717504
13718346,13717507
13717507,,13717507
13718096,13717555
13718200,13717555
13718440,13717555
13717555,,13717555
13717560,13716244,13717560
13717563,,13717563
13717565,,13717565
13718236,13717573
13718408,13717573
13718541,13717573
13717573,,13717573
13717749,13715055,13717749
13717745,,13717745
13717757,13716150,13717757
13717413,,13717413
13717427,,13717427
13717430,,13717430
13717431,13717072,13717431
13717433,13717069,13717433
13717436,13717065,13717436
13717442,,13717442
13717443,,13717443
13717444,13717030,13717444
13717446,13716942,13717446
13717447,13716150,13717447
13717450,13716388,13717450
13717451,,13717451
13718275,13717455
13718299,13717455
13718466,13717455
13717455,,13717455
13718003,13717457
13717457,,13717457
13717809,13717460
13717893,13717460
13717978,13717460
13717460,,13717460
13717461,13716464,13717461
13717464,13717078,13717464
13717467,13716150,13717467
13717471,,13717471
13717807,13717474
13717474,,13717474
13717423,13717100,13717423
13717477,13717000,13717477
13717478,13716150,13717478
13717481,13716952,13717481
13718304,13717483
13717483,,13717483
13717488,13717222,13717488
13717491,13716948,13717491
13717494,13716946,13717494
13717496,,13717496
13717501,13716978,13717501
13717508,13716942,13717508
13717510,13716981,13717510
13717512,,13717512
13717514,,13717514
13717515,13716975,13717515
13717516,,13717516
13717517,13716936,13717517
13717523,13716245,13717523
13717524,,13717524
13717531,,13717531
13718608,13717535
13717535,,13717535
13718253,13717538
13718989,13717538
13717538,,13717538
13717544,13716897,13717544
13717548,13716689,13717548
13717897,13717554
13717554,,13717554
13717797,,13717797
13717857,,13717857
13718270,13717872
13717872,,13717872
13718323,13717880
13718695,13717880
13719091,13717880
13717880,,13717880
13717892,13619327,13717892
13717895,13717164,13717895
13717899,,13717899
13718635,13717900
13717900,,13717900
13718983,13717658
13717658,,13717658
13717664,13716513,13717664
13717665,13716638,13717665
13717684,13716427,13717684
13717686,,13717686
13719652,13717689
13717689,,13717689
13718547,13717692
13717692,,13717692
13717699,,13717699
13717702,,13717702
13717723,13716519,13717723
13717733,13717441,13717733
13717734,13713754,13717734
13717735,13716220,13717735
13717752,13716851,13717752
13717754,13716581,13717754
13717756,13717392,13717756
13717760,13711757,13717760
13717766,13716531,13717766
13717795,,13717795
13717800,13717053,13717800
13717805,13716524,13717805
13718331,13717942
13719008,13717942
13719959,13717942
13717942,,13717942
13718837,13717944
13717944,,13717944
13717557,13717272,13717557
13718775,13717558
13717558,,13717558
13718111,13717559
13717559,,13717559
13718269,13717569
13717569,,13717569
13717571,13716942,13717571
13717574,13716223,13717574
13717581,,13717581
13718969,13717582
13717582,,13717582
13717587,13716150,13717587
13717591,13717271,13717591
13717605,13716311,13717605
13718628,13717610
13717610,,13717610
13717613,13716880,13717613
13718964,13717616
13717616,,13717616
13717621,13716967,13717621
13718251,13717623
13717623,,13717623
13717987,13717625
13717994,13717625
13717625,,13717625
13717628,,13717628
13717631,13716150,13717631
13717967,13717880,13717967
13716346,,13716346
13718228,13716493
13718289,13716493
13718582,13716493
13716493,,13716493
13718583,13716550
13716550,,13716550
13716960,,13716960
13719016,13716983
13719364,13716983
13716983,,13716983
13717008,,13717008
13718689,13717147
13718863,13717147
13717147,,13717147
13717981,13716116,13717981
13718740,13717154
13719425,13717154
13720912,13717154
13717154,,13717154
13718003,13717457,13718003
13718029,13717455,13718029
13716482,13706920,13716482
13718356,13716800
13719508,13716800
13726178,13716800
13716800,,13716800
13717636,,13717636
13718417,13717638
13717638,,13717638
13718230,13717643
13718580,13717643
13718911,13717643
13717643,,13717643
13717645,13717330,13717645
13718931,13717647
13717647,,13717647
13717650,,13717650
13718568,13717661
13718915,13717661
13717661,,13717661
13717666,13717511,13717666
13718232,13717668
13718566,13717668
13718694,13717668
13717668,,13717668
13717674,,13717674
13718692,13717690
13718880,13717690
13717690,,13717690
13717693,,13717693
13718875,13717697
13717697,,13717697
13717701,13717065,13717701
13717705,,13717705
13717706,13716150,13717706
13718593,13717708
13718614,13717708
13718923,13717708
13717708,,13717708
13717711,13717382,13717711
13717713,,13717713
13717717,13717272,13717717
13717718,13717400,13717718
13718054,13689622,13718054
13718058,13717388,13718058
13718093,,13718093
13717864,13717107,13717864
13717865,13716865,13717865
13717871,13711976,13717871
13717881,13717089,13717881
13717884,,13717884
13717887,,13717887
13717905,13712278,13717905
13717907,13716705,13717907
13717911,13717624,13717911
13717927,13716851,13717927
13717930,,13717930
13717934,13712278,13717934
13717955,,13717955
13718818,13717972
13718927,13717972
13719153,13717972
13717972,,13717972
13717976,13717556,13717976
13718007,13713650,13718007
13718153,13705953,13718153
13719264,13718163
13719540,13718163
13719949,13718163
13718163,,13718163
13718168,13716194,13718168
13718185,13716202,13718185
13718210,,13718210
13717387,,13717387
13719939,13717389
13717389,,13717389
13717397,,13717397
13717407,,13717407
13718808,13717414
13717414,,13717414
13717421,,13717421
13718841,13717424
13719134,13717424
13717424,,13717424
13717435,,13717435
13717439,,13717439
13717445,,13717445
13717466,,13717466
13717485,,13717485
13717502,13717438,13717502
13717506,,13717506
13718357,13717513
13718826,13717513
13719344,13717513
13717513,,13717513
13717529,,13717529
13717549,,13717549
13717553,,13717553
13717564,13717438,13717564
13717568,13717438,13717568
13717579,,13717579
13717583,,13717583
13718229,13716269,13718229
13718228,13716493,13718228
13717518,13717438,13717518
13717536,,13717536
13718479,13717593
13717593,,13717593
13717598,,13717598
13717600,13717438,13717600
13718383,13717607
13717607,,13717607
13717619,,13717619
13719780,13717627
13720054,13717627
13720115,13717627
13717627,,13717627
13718555,13717640
13718836,13717640
13717640,,13717640
13717659,,13717659
13718454,13717660
13718534,13717660
13720055,13717660
13717660,,13717660
13717670,,13717670
13718297,13717671
13718519,13717671
13718844,13717671
13717671,,13717671
13717676,,13717676
13717677,13717438,13717677
13717685,13717438,13717685
13717687,,13717687
13718910,13717700
13717700,,13717700
13718870,13717710
13719588,13717710
13717710,,13717710
13718441,13717714
13717714,,13717714
13718309,13717724
13718490,13717724
13717724,,13717724
13718838,13717726
13719718,13717726
13717726,,13717726
13718801,13717562
13719596,13717562
13717562,,13717562
13719616,13717763
13719700,13717763
13719833,13717763
13717763,,13717763
13718267,13695562,13718267
13719624,13717796
13720290,13717796
13717796,,13717796
13719057,13717798
13719162,13717798
13719620,13717798
13717798,,13717798
13718290,13714905,13718290
13718293,13716403,13718293
13718289,13716493,13718289
13718295,13699154,13718295
13718310,13715588,13718310
13719825,13717741
13717741,,13717741
13717765,,13717765
13718860,13717769
13717769,,13717769
13717778,,13717778
13717782,,13717782
13719817,13717793
13717793,,13717793
13718867,13717802
13717802,,13717802
13717812,,13717812
13717822,,13717822
13717833,,13717833
13717834,,13717834
13717839,,13717839
13718761,13717840
13717840,,13717840
13717842,13717438,13717842
13717859,,13717859
13718403,13717860
13718885,13717860
13720146,13717860
13717860,,13717860
13718394,13717861
13718533,13717861
13717861,,13717861
13718313,13713382,13718313
13718323,13717880,13718323
13718326,,13718326
13718330,,13718330
13728103,13718341
13747800,13718341
13718341,,13718341
13718348,,13718348
13718344,,13718344
13718360,13703894,13718360
13717877,,13717877
13718721,13717882
13717882,,13717882
13717888,13717654,13717888
13719796,13717890
13717890,,13717890
13717894,,13717894
13717896,,13717896
13717901,13717662,13717901
13719044,13717902
13719791,13717902
13717902,,13717902
13717903,,13717903
13717906,13717438,13717906
13717919,,13717919
13717932,,13717932
13717933,13717654,13717933
13717952,13717438,13717952
13719779,13717954
13719889,13717954
13720096,13717954
13717954,,13717954
13719765,13717962
13717962,,13717962
13717983,,13717983
13717998,,13717998
13718014,13717438,13718014
13718363,,13718363
13718380,13716655,13718380
13718396,13716664,13718396
13718551,13717679
13717679,,13717679
13718717,13717727
13717727,,13717727
13717736,13716956,13717736
13717739,13716252,13717739
13717743,13717041,13717743
13717753,13716956,13717753
13717755,13716388,13717755
13717761,,13717761
13717762,,13717762
13718570,13717767
13717767,,13717767
13717770,13716252,13717770
13717771,13717400,13717771
13718557,13717772
13717772,,13717772
13717775,13717078,13717775
13717783,13717289,13717783
13717785,13716378,13717785
13717786,,13717786
13717789,13716255,13717789
13718843,13717791
13717791,,13717791
13717807,13717474,13717807
13717809,13717460,13717809
13717815,13716150,13717815
13717818,13717455,13717818
13718524,13717820
13718548,13717820
13718822,13717820
13717820,,13717820
13718872,13717821
13717821,,13717821
13726809,13717148
13730268,13717148
13717148,,13717148
13717023,13711100,13717023
13718824,13717170
13719491,13717170
13721250,13717170
13717170,,13717170
13718406,13716687,13718406
13717193,13715915,13717193
13717540,13711100,13717540
13717552,,13717552
13717651,,13717651
13717746,13715033,13717746
13718024,13715292,13718024
13718407,13715915,13718407
13717156,,13717156
13718696,13717482
13719424,13717482
13717482,,13717482
13718432,,13718432
13718429,,13718429
13718442,13716130,13718442
13713811,13704567,13713811
13715809,13700569,13715809
13718458,,13718458
13716535,,13716535
13716949,13713685,13716949
13719328,13716955
13716955,,13716955
13716972,13716876,13716972
13716989,13715532,13716989
13717074,,13717074
13717353,,13717353
13717373,,13717373
13717498,13716876,13717498
13717704,13716876,13717704
13717875,,13717875
13718026,13716876,13718026
13718271,,13718271
13718351,,13718351
13718469,,13718469
13718600,13718474
13718658,13718474
13718474,,13718474
13718540,13718480
13718480,,13718480
13718487,13716857,13718487
13718018,13717662,13718018
13718984,13718033
13718033,,13718033
13718044,,13718044
13718622,13718052
13718052,,13718052
13718710,13718069
13719400,13718069
13718069,,13718069
13719755,13718070
13718070,,13718070
13718076,,13718076
13718084,,13718084
13718090,,13718090
13718702,13718099
13719150,13718099
13718099,,13718099
13718106,13717438,13718106
13718114,13717942,13718114
13718122,13717635,13718122
13718133,13717438,13718133
13718134,13717654,13718134
13718135,13717942,13718135
13718141,13717438,13718141
13719173,13718162
13719388,13718162
13719741,13718162
13718162,,13718162
13718165,,13718165
13718559,13718170
13718571,13718170
13718615,13718170
13718170,,13718170
13718181,13717654,13718181
13718563,13718186
13718590,13718186
13718186,,13718186
13718193,13717654,13718193
13718501,13634760,13718501
13718523,13716880,13718523
13717929,,13717929
13718194,,13718194
13718238,,13718238
13718677,13718256
13719732,13718256
13718256,,13718256
13719113,13718257
13718257,,13718257
13718263,,13718263
13718981,13718272
13719730,13718272
13718272,,13718272
13718276,13717513,13718276
13718278,,13718278
13718297,13717671,13718297
13718303,,13718303
13718309,13717724,13718309
13718591,13718316
13718316,,13718316
13718331,13717942,13718331
13718337,,13718337
13719028,13718339
13719347,13718339
13719722,13718339
13718339,,13718339
13718350,13717654,13718350
13719629,13718352
13718352,,13718352
13718357,13717513,13718357
13718490,13717724,13718490
13718587,13716952,13718587
13718320,13717798,13718320
13718375,,13718375
13718383,13717607,13718383
13718796,13718387
13719213,13718387
13719450,13718387
13718387,,13718387
13718722,13718390
13718390,,13718390
13718394,13717861,13718394
13718403,13717860,13718403
13718409,,13718409
13718851,13718414
13719701,13718414
13718414,,13718414
13718772,13718430
13719453,13718430
13718430,,13718430
13718644,13718436
13718436,,13718436
13718441,13717714,13718441
13718641,13718449
13720042,13718449
13718449,,13718449
13718454,13717660,13718454
13718961,13718459
13719144,13718459
13719479,13718459
13718459,,13718459
13718972,13718462
13719474,13718462
13719684,13718462
13718462,,13718462
13718982,13718475
13719917,13718475
13720137,13718475
13718475,,13718475
13718709,13718477
13719263,13718477
13719383,13718477
13718477,,13718477
13718479,13717593,13718479
13712952,13707482,13712952
13713619,13705188,13713619
13713667,13701765,13713667
13713729,13705233,13713729
13714076,,13714076
13716333,,13716333
13726778,13717728
13732124,13717728
13732365,13717728
13717728,,13717728
13717742,,13717742
13717799,13698167,13717799
13717813,13696087,13717813
13718412,13687094,13718412
13718423,13684931,13718423
13718526,,13718526
13712875,13705188,13712875
13712942,13701765,13712942
13712981,13698143,13712981
13718857,13717823
13717823,,13717823
13717824,,13717824
13717826,13717511,13717826
13717835,13717455,13717835
13717836,,13717836
13717838,13717254,13717838
13717848,13716388,13717848
13718798,13717850
13717850,,13717850
13717851,,13717851
13717856,13716764,13717856
13717858,,13717858
13717870,13717078,13717870
13718831,13717876
13717876,,13717876
13717883,,13717883
13717891,,13717891
13717893,13717460,13717893
13717897,13717554,13717897
13717904,,13717904
13717914,13717078,13717914
13717916,13717376,13717916
13718832,13717917
13717917,,13717917
13718820,13717920
13717920,,13717920
13721237,13718643
13718643,,13718643
13718790,13717922
13718954,13717922
13717922,,13717922
13717925,,13717925
13717936,13716946,13717936
13718797,13717938
13717938,,13717938
13717953,13717330,13717953
13717957,,13717957
13717960,13717388,13717960
13717961,,13717961
13718726,13717965
13717965,,13717965
13717974,13716245,13717974
13718783,13717975
13718856,13717975
13717975,,13717975
13717978,13717460,13717978
13718771,13717985
13718893,13717985
13717985,,13717985
13717987,13717625,13717987
13717992,13717388,13717992
13717993,,13717993
13717994,13717625,13717994
13717995,,13717995
13717999,13717097,13717999
13718002,13716151,13718002
13718795,13718012
13718012,,13718012
13718034,,13718034
13718035,,13718035
13718760,13718040
13718040,,13718040
13718042,,13718042
13718659,,13718659
13719550,13718685
13719583,13718685
13719606,13718685
13718685,,13718685
13718855,13718043
13718043,,13718043
13718757,13718045
13718805,13718045
13718045,,13718045
13718059,13716946,13718059
13718061,,13718061
13718067,13716277,13718067
13718078,,13718078
13718079,,13718079
13718848,13718085
13718864,13718085
13718940,13718085
13718085,,13718085
13718727,13718100
13718100,,13718100
13718104,13717643,13718104
13718111,13717559,13718111
13718112,13717668,13718112
13718128,13716388,13718128
13718130,,13718130
13718959,13718137
13718137,,13718137
13718145,,13718145
13718778,13718152
13718152,,13718152
13718161,,13718161
13719050,13718182
13718182,,13718182
13718206,,13718206
13718214,,13718214
13718215,,13718215
13718690,,13718690
13718695,13717880,13718695
13717469,,13717469
13717589,,13717589
13717618,,13717618
13717672,,13717672
13718727,13718100,13718727
13717759,,13717759
13718172,,13718172
13720591,13718116
13718116,,13718116
13719577,13718266
13718266,,13718266
13718226,,13718226
13718270,13717872,13718270
13718445,,13718445
13718550,,13718550
13718737,13718085,13718737
13718225,13717708,13718225
13718227,,13718227
13718230,13717643,13718230
13718231,,13718231
13718242,13717455,13718242
13718243,13716150,13718243
13718247,13717164,13718247
13718251,13717623,13718251
13718253,13717538,13718253
13718269,13717569,13718269
13718275,13717455,13718275
13718284,13717388,13718284
13718294,13716150,13718294
13718299,13717455,13718299
13718304,13717483,13718304
13718305,,13718305
13718307,13716150,13718307
13718312,13717708,13718312
13718583,13716550,13718583
13718603,,13718603
13718995,13718604
13719184,13718604
13718604,,13718604
13719306,13718632
13718632,,13718632
13718750,13718685,13718750
13718582,13716493,13718582
13718635,13717900,13718635
13718637,,13718637
13718662,,13718662
13718681,,13718681
13718689,13717147,13718689
13718696,13717482,13718696
13718703,,13718703
13718757,13718045,13718757
13716344,,13716344
13719356,13716334
13720028,13716334
13716334,,13716334
13716675,,13716675
13716931,,13716931
13717102,,13717102
13717121,13707632,13717121
13717123,13707637,13717123
13717162,,13717162
13717277,,13717277
13717288,13706763,13717288
13717495,13707177,13717495
13717606,13706825,13717606
13717669,,13717669
13717707,13707642,13717707
13717773,,13717773
13717921,,13717921
13718015,,13718015
13718195,,13718195
13718298,,13718298
13718425,13710122,13718425
13718633,,13718633
13718368,,13718368
13718771,13717985,13718771
13718780,,13718780
13718786,13717128,13718786
13718783,13717975,13718783
13717594,13716898,13717594
13718797,13717938,13718797
13718791,,13718791
13717251,13716844,13717251
13717473,13716598,13717473
13717586,,13717586
13717601,,13717601
13717642,,13717642
13717649,13716244,13717649
13717656,,13717656
13717657,13716088,13717657
13717663,,13717663
13717678,,13717678
13717681,13716082,13717681
13717691,13717064,13717691
13717695,13716891,13717695
13717721,13716891,13717721
13717731,,13717731
13717781,13717573,13717781
13717832,,13717832
13717910,13717573,13717910
13717915,13717573,13717915
13717918,13717555,13717918
13717935,,13717935
13717937,13717573,13717937
13718820,13717920,13718820
13718831,13717876,13718831
13725808,13718828
13728294,13718828
13750382,13718828
13718828,,13718828
13718837,13717944,13718837
13720412,13718845
13720465,13718845
13749892,13718845
13718845,,13718845
13718852,,13718852
13718857,13717823,13718857
13718232,13717668,13718232
13718324,13717078,13718324
13718342,,13718342
13718353,,13718353
13718362,,13718362
13718364,,13718364
13718366,13716139,13718366
13718369,,13718369
13718373,,13718373
13718374,,13718374
13718376,,13718376
13719009,13718378
13718378,,13718378
13718379,13717388,13718379
13719010,13718381
13718381,,13718381
13718385,,13718385
13718386,13717069,13718386
13718415,13716857,13718415
13718417,13717638,13718417
13718420,13716269,13718420
13718421,13717072,13718421
13718924,13718435
13718435,,13718435
13718957,13718862
13718862,,13718862
13718872,13717821,13718872
13718881,13717164,13718881
13716496,13715214,13716496
13716503,13715257,13716503
13716549,,13716549
13716568,13716423,13716568
13716636,13716005,13716636
13716660,13716001,13716660
13716670,13716001,13716670
13716672,13715381,13716672
13716678,13715381,13716678
13716702,13715002,13716702
13716723,13716359,13716723
13716732,,13716732
13716743,,13716743
13719059,13716749
13716749,,13716749
13716836,,13716836
13716837,,13716837
13716895,13716423,13716895
13717049,13716423,13717049
13719012,13717115
13719111,13717115
13720445,13717115
13717115,,13717115
13717142,13711651,13717142
13718908,13717260,13718908
13718491,13714606,13718491
13719628,13718536
13718536,,13718536
13718572,13716728,13718572
13718915,13717661,13718915
13714164,,13714164
13714224,,13714224
13714406,,13714406
13721263,13718918
13718918,,13718918
13720035,13718922
13718922,,13718922
13714417,,13714417
13714474,,13714474
13714577,,13714577
13714643,,13714643
13719301,13718925
13719532,13718925
13719954,13718925
13718925,,13718925
13715907,,13715907
13717428,,13717428
13722323,13718259
13718259,,13718259
13718361,,13718361
13718931,13717647,13718931
13720644,13717949
13717949,,13717949
13717401,,13717401
13714969,,13714969
13718949,13715799,13718949
13717287,,13717287
13716182,13697369,13716182
13718957,13718862,13718957
13718509,13717438,13718509
13718519,13717671,13718519
13719468,13718520
13718520,,13718520
13718521,13718170,13718521
13718532,13718170,13718532
13718533,13717861,13718533
13718534,13717660,13718534
13718555,13717640,13718555
13718559,13718170,13718559
13718561,,13718561
13718562,13717438,13718562
13718563,13718186,13718563
13718571,13718170,13718571
13719507,13718573
13719655,13718573
13718573,,13718573
13718577,,13718577
13719140,13718578
13719225,13718578
13718578,,13718578
13718586,,13718586
13718590,13718186,13718590
13718591,13718316,13718591
13718595,,13718595
13718597,13717438,13718597
13716240,13696444,13716240
13716262,13696555,13716262
13718964,13717616,13718964
13716352,13695843,13716352
13718446,13706061,13718446
13718969,13717582,13718969
13719017,13718605
13719359,13718605
13720032,13718605
13718605,,13718605
13718615,13718170,13718615
13718622,13718052,13718622
13718629,13718462,13718629
13718638,13718387,13718638
13718641,13718449,13718641
13718644,13718436,13718644
13719180,13718646
13718646,,13718646
13718648,13717438,13718648
13719510,13718650
13718650,,13718650
13719649,13718651
13718651,,13718651
13718652,,13718652
13718656,,13718656
13718661,,13718661
13719463,13718670
13718670,,13718670
13718677,13718256,13718677
13718683,13718387,13718683
13719533,13718699
13718699,,13718699
13718702,13718099,13718702
13718706,13718387,13718706
13718709,13718477,13718709
13718710,13718069,13718710
13718719,13718459,13718719
13718721,13717882,13718721
13718989,13717538,13718989
13736465,13718987
13718987,,13718987
13719009,13718378,13719009
13719008,13717942,13719008
13717947,13717475,13717947
13717950,13717475,13717950
13717964,13717317,13717964
13717968,13717453,13717968
13717969,13717573,13717969
13717973,13717360,13717973
13717984,13716088,13717984
13717988,13717064,13717988
13717989,13717105,13717989
13717990,13717317,13717990
13717996,13716844,13717996
13718027,13716598,13718027
13718031,13716408,13718031
13718041,13716088,13718041
13718048,,13718048
13718064,13716244,13718064
13718065,,13718065
13718071,13717573,13718071
13718074,13715922,13718074
13718077,13716598,13718077
13718095,13716244,13718095
13718096,13717555,13718096
13718105,,13718105
13718142,,13718142
13713982,,13713982
13720229,13719035
13719035,,13719035
13719039,,13719039
13719371,13715251
13720685,13715251
13724564,13715251
13715251,,13715251
13719082,,13719082
13719159,13719078
13719078,,13719078
13718450,,13718450
13718451,,13718451
13718455,13717065,13718455
13718463,13717056,13718463
13718466,13717455,13718466
13718468,,13718468
13718478,,13718478
13718483,,13718483
13718484,,13718484
13718485,13717367,13718485
13718500,13716387,13718500
13718503,13716252,13718503
13718506,,13718506
13719091,13717880,13719091
13719129,13718512
13718512,,13718512
13718516,,13718516
13718524,13717820,13718524
13718525,,13718525
13718530,13716223,13718530
13718535,,13718535
13718539,13716330,13718539
13718540,13718480,13718540
13719117,13718543
13718543,,13718543
13718548,13717820,13718548
13718551,13717679,13718551
13718601,13716655,13718601
13718554,13716274,13718554
13718557,13717772,13718557
13718565,,13718565
13718566,13717668,13718566
13718568,13717661,13718568
13718570,13717767,13718570
13718580,13717643,13718580
13718584,13716565,13718584
13718593,13717708,13718593
13718598,13717030,13718598
13718600,13718474,13718600
13719142,13718602
13718602,,13718602
13718607,13716981,13718607
13718608,13717535,13718608
13718609,,13718609
13718614,13717708,13718614
13718619,,13718619
13718620,13716967,13718620
13718624,,13718624
13718627,13716150,13718627
13718628,13717610,13718628
13719141,,13719141
13719147,,13719147
13717177,13711954,13717177
13717204,,13717204
13717226,13715411,13717226
13717299,13715874,13717299
13717308,,13717308
13717395,13716423,13717395
13719206,13719154
13719834,13719154
13728201,13719154
13719154,,13719154
13717476,,13717476
13717505,13714208,13717505
13719405,13717551
13720436,13717551
13717551,,13717551
13717595,,13717595
13717611,13717526,13717611
13717622,,13717622
13717673,13716359,13717673
13719163,,13719163
13719161,13717376,13719161
13719142,13718602,13719142
13719286,13719168
13722910,13719168
13719168,,13719168
13719827,13719167
13721845,13719167
13723450,13719167
13719167,,13719167
13719146,,13719146
13719139,,13719139
13719138,,13719138
13719129,13718512,13719129
13719128,,13719128
13719124,,13719124
13719117,13718543,13719117
13719108,13717065,13719108
13719106,13716857,13719106
13719095,,13719095
13718634,,13718634
13718649,,13718649
13718658,13718474,13718658
13718664,,13718664
13718667,,13718667
13718672,13716252,13718672
13718674,,13718674
13718675,13716274,13718675
13718676,,13718676
13718684,13717388,13718684
13718692,13717690,13718692
13718694,13717668,13718694
13718704,13716967,13718704
13718711,13717388,13718711
13718717,13717727,13718717
13718726,13717965,13718726
13718739,13716311,13718739
13718747,,13718747
13719088,13717069,13719088
13721241,13719185
13723518,13719185
13723961,13719185
13719185,,13719185
13719050,13718182,13719050
13719029,,13719029
13719026,13716150,13719026
13719010,13718381,13719010
13718975,13718424,13718975
13718973,13716150,13718973
13718960,,13718960
13718959,13718137,13718959
13719193,,13719193
13718954,13717922,13718954
13718953,,13718953
13718940,13718085,13718940
13718740,13717154,13718740
13718935,,13718935
13718749,,13718749
13718934,,13718934
13718758,,13718758
13718760,13718040,13718760
13718767,13716245,13718767
13718773,,13718773
13718775,13717558,13718775
13718778,13718152,13718778
13718787,,13718787
13718790,13717922,13718790
13718795,13718012,13718795
13718798,13717850,13718798
13718804,,13718804
13718805,13718045,13718805
13718811,,13718811
13718812,,13718812
13718821,13716184,13718821
13718822,13717820,13718822
13718829,,13718829
13718832,13717917,13718832
13718843,13717791,13718843
13718930,,13718930
13718923,13717708,13718923
13718755,,13718755
13718924,13718435,13718924
13718916,,13718916
13718911,13717643,13718911
13718799,,13718799
13718907,13716224,13718907
13718906,,13718906
13718903,13717511,13718903
13718842,,13718842
13718863,13717147,13718863
13718874,,13718874
13719298,13718926
13718926,,13718926
13719327,13719207
13720255,13719207
13723415,13719207
13719207,,13719207
13719488,13718909
13718909,,13718909
13718945,,13718945
13718978,,13718978
13718979,,13718979
13718995,13718604,13718995
13719016,13716983,13719016
13719004,,13719004
13718159,13716941,13718159
13718166,13717317,13718166
13718192,,13718192
13718200,13717555,13718200
13718201,,13718201
13718202,13717573,13718202
13718208,13716221,13718208
13718236,13717573,13718236
13718245,,13718245
13718280,,13718280
13718318,13716408,13718318
13718325,13717475,13718325
13718328,,13718328
13718346,13717507,13718346
13718347,13717475,13718347
13718370,13717475,13718370
13718400,13715882,13718400
13718408,13717573,13718408
13718411,,13718411
13718419,13717475,13718419
13718438,13717360,13718438
13718440,13717555,13718440
13718447,13717475,13718447
13718452,13717475,13718452
13718481,13717360,13718481
13719047,,13719047
13719052,,13719052
13720000,13719021
13719021,,13719021
13719123,,13719123
13719115,,13719115
13719126,,13719126
13719105,,13719105
13718488,,13718488
13718493,13717453,13718493
13718497,,13718497
13718541,13717573,13718541
13718567,13717504,13718567
13718594,13716082,13718594
13718596,,13718596
13719184,13718604,13719184
13719531,13719186
13719693,13719186
13719186,,13719186
13719409,13719171
13719171,,13719171
13718722,13718390,13718722
13718723,,13718723
13718731,,13718731
13718743,,13718743
13718761,13717840,13718761
13718772,13718430,13718772
13718796,13718387,13718796
13718801,13717562,13718801
13718808,13717414,13718808
13719216,,13719216
13718826,13717513,13718826
13718830,13717763,13718830
13719231,13718835
13719355,13718835
13719456,13718835
13718835,,13718835
13718836,13717640,13718836
13718838,13717726,13718838
13718841,13717424,13718841
13718844,13717671,13718844
13718850,,13718850
13718851,13718414,13718851
13718860,13717769,13718860
13718867,13717802,13718867
13718870,13717710,13718870
13719234,13719207,13719234
13719233,,13719233
13719529,13718871
13718871,,13718871
13719247,13718873
13718873,,13718873
13718876,13718162,13718876
13718885,13717860,13718885
13718910,13717700,13718910
13718997,,13718997
13719223,,13719223
13718961,13718459,13718961
13719242,,13719242
13719228,,13719228
13718972,13718462,13718972
13719213,13718387,13719213
13719144,13718459,13719144
13719151,,13719151
13719028,13718339,13719028
13719454,13719179
13720024,13719179
13719179,,13719179
13719134,13717424,13719134
13718955,,13718955
13719113,13718257,13719113
13720021,13719055
13720037,13719055
13719055,,13719055
13719505,13719205
13719544,13719205
13720016,13719205
13719205,,13719205
13719150,13718099,13719150
13719632,13718941
13720008,13718941
13720209,13718941
13718941,,13718941
13719436,13719152
13719476,13719152
13719625,13719152
13719152,,13719152
13719173,13718162,13719173
13718984,13718033,13718984
13719017,13718605,13719017
13719058,,13719058
13719266,13719157
13719157,,13719157
13718951,13718462,13718951
13718981,13718272,13718981
13719140,13718578,13719140
13719621,13718976
13718976,,13718976
13719225,13718578,13719225
13719180,13718646,13719180
13719190,,13719190
13719246,13717763,13719246
13718895,,13718895
13718982,13718475,13718982
13719044,13717902,13719044
13719398,13719032
13719032,,13719032
13719057,13717798,13719057
13719066,,13719066
13719097,,13719097
13719938,13719251
13719251,,13719251
13719098,13717763,13719098
13719119,13718163,13719119
13719133,,13719133
13719162,13717798,13719162
13719164,,13719164
13719368,13719211
13719994,13719211
13720653,13719211
13719211,,13719211
13719231,13718835,13719231
13719247,13718873,13719247
13719252,13718828,13719252
13717715,,13717715
13717732,13716423,13717732
13717737,13716345,13717737
13717748,,13717748
13717768,13716423,13717768
13717779,13717526,13717779
13717784,13711981,13717784
13717792,13716001,13717792
13717810,,13717810
13717908,13716001,13717908
13717931,,13717931
13719000,,13719000
13719256,13705233,13719256
13717959,,13717959
13718117,13710253,13718117
13718001,13713094,13718001
13718075,,13718075
13718004,13716423,13718004
13717849,,13717849
13720168,13719220
13719220,,13719220
13717747,,13717747
13718009,,13718009
13717543,,13717543
13718025,13717526,13718025
13717302,,13717302
13718037,13716423,13718037
13718038,,13718038
13718056,13716423,13718056
13718091,13716005,13718091
13718098,13714925,13718098
13718110,13716001,13718110
13718120,13713094,13718120
13717223,,13717223
13718129,13717526,13718129
13718139,13715381,13718139
13716992,,13716992
13718148,13717526,13718148
13716643,,13716643
13718164,,13718164
13718258,13717526,13718258
13716222,,13716222
13719262,,13719262
13714585,,13714585
13714482,,13714482
13714464,13710253,13714464
13718285,13716282,13718285
13718389,13716423,13718389
13718428,,13718428
13719350,13718470
13719370,13718470
13719385,13718470
13718470,,13718470
13718489,13716001,13718489
13718585,13716502,13718585
13718618,13716359,13718618
13714106,,13714106
13718682,13717526,13718682
13713978,,13713978
13718724,13715092,13718724
13718741,13715002,13718741
13718756,13715000,13718756
13718759,13714563,13718759
13718763,13714348,13718763
13718807,13714052,13718807
13719372,13718817
13719511,13718817
13718817,,13718817
13713799,,13713799
13712991,13710350,13712991
13712383,12036132,13712383
13711840,,13711840
13714204,,13714204
13719300,13719278
13719494,13719278
13719278,,13719278
13719280,,13719280
13715108,13711175,13715108
13715593,13706752,13715593
13715827,13706891,13715827
13715839,,13715839
13715849,13710247,13715849
13715860,13706752,13715860
13715890,13708704,13715890
13715901,13707313,13715901
13715939,13706656,13715939
13719281,13701765,13719281
13716576,13710247,13716576
13716591,13709956,13716591
13716820,13708704,13716820
13716896,,13716896
13717274,,13717274
13718062,,13718062
13718273,13708114,13718273
13715183,,13715183
13715319,,13715319
13715544,,13715544
13718673,,13718673
13715536,,13715536
13719503,13715858
13715858,,13715858
13715973,,13715973
13719831,13716259
13716259,,13716259
13716343,,13716343
13716497,,13716497
13716532,,13716532
13719843,13716669
13716669,,13716669
13716835,,13716835
13716901,13714812,13716901
13716959,,13716959
13717185,,13717185
13717426,13714579,13717426
13719478,13717487
13717487,,13717487
13717829,,13717829
13718143,,13718143
13718239,,13718239
13718349,,13718349
13718365,13715106,13718365
13718476,,13718476
13718936,13715474,13718936
13718947,,13718947
13719034,,13719034
13719071,,13719071
13719288,,13719288
13719287,13701454,13719287
13719118,13714579,13719118
13719174,,13719174
13715039,,13715039
13715105,,13715105
13715398,13704248,13715398
13715576,,13715576
13715698,13714272,13715698
13715720,,13715720
13715727,13714620,13715727
13716142,,13716142
13716155,,13716155
13716176,13708480,13716176
13716180,13708863,13716180
13716528,13705029,13716528
13716556,13714272,13716556
13716656,,13716656
13716918,13703761,13716918
13717079,,13717079
13717368,,13717368
13717419,13715155,13717419
13718000,13715155,13718000
13718082,13714620,13718082
13718444,,13718444
13718513,13715155,13718513
13718901,13715155,13718901
13719090,,13719090
13718932,13715071,13718932
13718224,,13718224
13718589,13714286,13718589
13718314,13716531,13718314
13719438,13719199
13719199,,13719199
13718552,13712278,13718552
13719063,13716638,13719063
13718080,,13718080
13718160,13712092,13718160
13718196,13712119,13718196
13718473,13714972,13718473
13718131,13712092,13718131
13718693,,13718693
13719109,,13719109
13718094,,13718094
13718919,,13718919
13718725,13713119,13718725
13718398,13716019,13718398
13718834,13712556,13718834
13718963,13717624,13718963
13718735,13711829,13718735
13718774,,13718774
13718891,13711965,13718891
13718496,13714915,13718496
13718660,13713457,13718660
13719153,13717972,13719153
13718461,13715060,13718461
13718813,13716851,13718813
13719301,13718925,13719301
13719299,13700375,13719299
13719300,13719278,13719300
13718402,,13718402
13718213,13716929,13718213
13718397,13712278,13718397
13719160,,13719160
13718177,,13718177
13718188,,13718188
13718252,,13718252
13718146,13714214,13718146
13718492,13717620,13718492
13719737,13718965
13719956,13718965
13718965,,13718965
13718060,13712650,13718060
13718460,13717624,13718460
13718427,,13718427
13719099,13716653,13719099
13718679,,13718679
13718494,13716705,13718494
13719020,13717624,13719020
13718022,13716635,13718022
13719023,13712165,13719023
13718453,13715636,13718453
13725772,13719308
13726533,13719308
13727478,13719308
13719308,,13719308
13719074,13716624,13719074
13718180,,13718180
13718818,13717972,13718818
13718547,13717692,13718547
13718928,,13718928
13719011,13717624,13719011
13718531,13717425,13718531
13718517,13714822,13718517
13718039,13711829,13718039
13718011,13715964,13718011
13718927,13717972,13718927
13718047,13717425,13718047
13718974,13716097,13718974
13718315,,13718315
13718283,13711809,13718283
13719312,13719209,13719312
13718776,,13718776
13718623,13713700,13718623
13719005,13713348,13719005
13719116,13717533,13719116
13719253,,13719253
13718713,13711896,13718713
13719043,13711880,13719043
13718393,13716227,13718393
13718890,,13718890
13718944,,13718944
13718666,13717972,13718666
13718983,13717658,13718983
13718413,13712278,13718413
13719267,13717624,13719267
13719576,13718345
13720019,13718345
13718345,,13718345
13718358,13711931,13718358
13718340,13717972,13718340
13719316,13706818,13719316
13719643,13718574
13718574,,13718574
13718730,,13718730
13718382,13716890,13718382
13719081,13714253,13719081
13719069,13711852,13719069
13718264,13716220,13718264
13718391,,13718391
13718092,,13718092
13718581,13714699,13718581
13719866,13718211
13718211,,13718211
13718222,,13718222
13714056,,13714056
13714839,,13714839
13715481,13674214,13715481
13715708,,13715708
13716213,,13716213
13716356,,13716356
13716367,,13716367
13716537,13420669,13716537
13716572,,13716572
13716739,,13716739
13716977,13684534,13716977
13717003,13696318,13717003
13717016,13705246,13717016
13717316,,13717316
13717448,,13717448
13717577,,13717577
13718742,,13718742
13718889,,13718889
13718848,13718085,13718848
13718855,13718043,13718855
13718856,13717975,13718856
13718864,13718085,13718864
13718875,13717697,13718875
13718880,13717690,13718880
13718893,13717985,13718893
13718994,13715257,13718994
13719012,13717115,13719012
13719037,13715002,13719037
13719056,,13719056
13719059,13716749,13719059
13719072,13715257,13719072
13719077,,13719077
13719111,13717115,13719111
13719120,13713884,13719120
13719166,13711651,13719166
13719181,13713112,13719181
13719200,13711722,13719200
13719284,13713756,13719284
13719327,13719207,13719327
13719837,13719315
13719842,13719315
13719315,,13719315
13719374,13719335
13719410,13719335
13719860,13719335
13719335,,13719335
13719339,,13719339
13721818,13714632
13714632,,13714632
13715059,13714128,13715059
13715085,,13715085
13715117,,13715117
13715173,,13715173
13715342,13714128,13715342
13715539,,13715539
13719343,,13719343
13715574,13714365,13715574
13715650,,13715650
13715765,,13715765
13715824,,13715824
13715868,13713155,13715868
13749978,13716127
13716127,,13716127
13716228,,13716228
13716303,,13716303
13716366,,13716366
13716377,,13716377
13719350,13718470,13719350
13719348,13719167,13719348
13716617,13687931,13716617
13716692,13708909,13716692
13716719,13714930,13716719
13716741,,13716741
13716774,13714902,13716774
13716843,13714365,13716843
13716848,,13716848
13717046,13525468,13717046
13717129,,13717129
13717168,,13717168
13717171,13710616,13717171
13717315,13712181,13717315
13717452,13714750,13717452
13717479,13712181,13717479
13717729,13711218,13717729
13717816,13565860,13717816
13719404,13718119
13720010,13718119
13722560,13718119
13718119,,13718119
13718136,,13718136
13718147,12732442,13718147
13725640,13718505
13718505,,13718505
13718553,13711218,13718553
13718592,13711218,13718592
13718887,,13718887
13719145,13714750,13719145
13719187,,13719187
13719212,13682959,13719212
13719226,,13719226
13719241,,13719241
13716982,,13716982
13716996,,13716996
13717081,,13717081
13717196,,13717196
13717228,13717091,13717228
13717269,13717091,13717269
13717307,,13717307
13717356,,13717356
13717484,,13717484
13717590,,13717590
13719354,13713974,13719354
13717630,13717091,13717630
13717682,,13717682
13717827,13716587,13717827
13717845,13717343,13717845
13717940,13717091,13717940
13717977,13717331,13717977
13718017,,13718017
13718108,,13718108
13718191,,13718191
13718216,,13718216
13719482,13718223
13718223,,13718223
13718249,,13718249
13718302,13717343,13718302
13718431,,13718431
13719562,13718457
13718457,,13718457
13718734,,13718734
13719407,13718736
13719449,13718736
13720049,13718736
13718736,,13718736
13718810,,13718810
13718854,,13718854
13720145,13718886
13720148,13718886
13721081,13718886
13718886,,13718886
13718897,13717091,13718897
13719877,13718900
13718900,,13718900
13718912,,13718912
13718920,,13718920
13719025,,13719025
13719040,,13719040
13718631,,13718631
13719041,,13719041
13719764,13719085
13719772,13719085
13720250,13719085
13719085,,13719085
13719110,13717331,13719110
13719132,13718925,13719132
13719137,13717091,13719137
13719159,13719078,13719159
13719202,13716707,13719202
13718894,13687919,13718894
13719334,13715799,13719334
13719886,13719217
13719958,13719217
13720569,13719217
13719217,,13719217
13719227,13716707,13719227
13719279,13715799,13719279
13719435,13719243
13719688,13719243
13719243,,13719243
13719286,13719168,13719286
13719297,,13719297
13719493,13719302
13719672,13719302
13719302,,13719302
13719305,,13719305
13719362,11557859,13719362
13719254,13717763,13719254
13719263,13718477,13719263
13719264,13718163,13719264
13719266,13719157,13719266
13719273,13717763,13719273
13719285,13719152,13719285
13719290,13717438,13719290
13719294,13717954,13719294
13719307,13719152,13719307
13719337,,13719337
13719344,13717513,13719344
13719347,13718339,13719347
13719349,13719152,13719349
13719355,13718835,13719355
13719571,13719358
13719358,,13719358
13719359,13718605,13719359
13719368,13719211,13719368
13712199,13710553,13712199
13714794,,13714794
13714903,13711740,13714903
13715250,13710307,13715250
13716521,13713441,13716521
13716644,13713974,13716644
13716858,13710553,13716858
13716932,13713441,13716932
13716940,13713974,13716940
13720053,13716953
13729095,13716953
13734075,13716953
13716953,,13716953
13716957,13711740,13716957
13717005,13710553,13717005
13718057,13715133,13718057
13718233,,13718233
13718262,13715133,13718262
13718274,13713441,13718274
13718300,13713974,13718300
13719905,13718319
13718319,,13718319
13719380,11559748,13719380
13718343,13713382,13718343
13718384,13713974,13718384
13718401,13713382,13718401
13718784,13712473,13718784
13718839,13712473,13718839
13719084,13711392,13719084
13723602,13718745
13724178,13718745
13725993,13718745
13718745,,13718745
13718827,,13718827
13718929,13718828,13718929
13719582,13718966
13718966,,13718966
13719192,,13719192
13719206,13719154,13719206
13719214,,13719214
13719340,13719185,13719340
13719218,,13719218
13719255,,13719255
13720487,13719258
13719258,,13719258
13719265,,13719265
13719298,13718926,13719298
13719306,13718632,13719306
13719317,,13719317
13719332,,13719332
13719696,13719341
13719341,,13719341
13719502,13719342
13719823,13719342
13719342,,13719342
13719364,13716983,13719364
13719367,,13719367
13720131,13719381
13719381,,13719381
13719370,13718470,13719370
13719372,13718817,13719372
13719374,13719335,13719374
13719564,13719394
13719394,,13719394
13719403,11557422,13719403
13719383,13718477,13719383
13719386,13719152,13719386
13719388,13718162,13719388
13719393,,13719393
13719398,13719032,13719398
13719400,13718069,13719400
13719426,11557268,13719426
13719432,11557061,13719432
13719446,11556583,13719446
13719462,11557184,13719462
13719461,13717331,13719461
13719469,11556801,13719469
13719318,,13719318
13719484,,13719484
13719482,13718223,13719482
13719361,13711880,13719361
13719369,13716929,13719369
13719423,,13719423
13719438,13719199,13719438
13719430,13719152,13719430
13719436,13719152,13719436
13719440,13718941,13719440
13719447,13718941,13719447
13719431,13716137,13719431
13719450,13718387,13719450
13719259,13716307,13719259
13719452,,13719452
13719453,13718430,13719453
13719224,,13719224
13719454,13719179,13719454
13718716,,13718716
13718680,,13718680
13718610,13716137,13718610
13721346,13718250
13724419,13718250
13729044,13718250
13718250,,13718250
13717811,13715464,13717811
13717806,,13717806
13717655,13715464,13717655
13717545,13715482,13717545
13719758,13716905
13716905,,13716905
13716506,13715482,13716506
13719494,13719278,13719494
13719495,11558431,13719495
13728220,13717449
13717449,,13717449
13715070,,13715070
13719515,,13719515
13719520,11558384,13719520
13719519,13719217,13719519
13719644,13719523
13719523,,13719523
13719456,13718835,13719456
13719459,,13719459
13719463,13718670,13719463
13719468,13718520,13719468
13719471,,13719471
13719530,11558205,13719530
13719473,,13719473
13719474,13718462,13719474
13719476,13719152,13719476
13719479,13718459,13719479
13719602,13719504
13719980,13719504
13719504,,13719504
13719505,13719205,13719505
13719507,13718573,13719507
13719510,13718650,13719510
13719524,13717627,13719524
13719385,13718470,13719385
13719405,13717551,13719405
13719410,13719335,13719410
13719404,13718119,13719404
13735709,13719418
13736429,13719418
13737818,13719418
13719418,,13719418
13719547,,13719547
13719550,13718685,13719550
13719558,,13719558
13720126,13719559
13719559,,13719559
13719564,13719394,13719564
13719568,11557248,13719568
13719573,,13719573
13719583,13718685,13719583
13719529,13718871,13719529
13719533,13718699,13719533
13719540,13718163,13719540
13719544,13719205,13719544
13720057,13719597
13720309,13719597
13720351,13719597
13719597,,13719597
13719571,13719358,13719571
13719695,13719574
13719574,,13719574
13719588,13717710,13719588
13719596,13717562,13719596
13720824,13719600
13733721,13719600
13797043,13719600
13719600,,13719600
13719606,13718685,13719606
13719616,13717763,13719616
13719624,13717796,13719624
13719630,11556453,13719630
13719629,13718352,13719629
13719627,13699154,13719627
13719636,13717260,13719636
13719634,13719185,13719634
13719644,13719523,13719644
13719648,,13719648
13719501,13711809,13719501
13719576,13718345,13719576
13719581,13716929,13719581
13719594,13712119,13719594
13719656,,13719656
13719598,13717107,13719598
13719643,13718574,13719643
13719652,13717689,13719652
13719674,,13719674
13719685,11556443,13719685
13719014,,13719014
13719690,13716130,13719690
13719694,13715835,13719694
13719710,,13719710
13719706,13715697,13719706
13719707,,13719707
13719712,,13719712
13719679,,13719679
13719717,13718745,13719717
13719687,,13719687
13719511,13718817,13719511
13719566,,13719566
13719709,,13719709
13719602,13719504,13719602
13719607,,13719607
13719987,13719612
13720095,13719612
13720158,13719612
13719612,,13719612
13719620,13717798,13719620
13719621,13718976,13719621
13719625,13719152,13719625
13719632,13718941,13719632
13719649,13718651,13719649
13719655,13718573,13719655
13719684,13718462,13719684
13719692,,13719692
13719695,13719574,13719695
13719700,13717763,13719700
13719701,13718414,13719701
13719718,13717726,13719718
13719726,13718745,13719726
13720038,13719736
13719736,,13719736
13719579,,13719579
13719604,,13719604
13719870,13719705
13719705,,13719705
13719749,,13719749
13719397,,13719397
13719409,13719171,13719409
13719417,,13719417
13719722,13718339,13719722
13719730,13718272,13719730
13719420,,13719420
13719732,13718256,13719732
13719741,13718162,13719741
13719424,13717482,13719424
13719755,13718070,13719755
13719997,13719724
13720105,13719724
13720176,13719724
13719724,,13719724
13719729,,13719729
13719822,13719734
13719734,,13719734
13728679,13719739
13732423,13719739
13719739,,13719739
13719751,,13719751
13719759,,13719759
13719770,,13719770
13719778,,13719778
13719771,,13719771
13719775,,13719775
13719787,13705879,13719787
13719789,13708756,13719789
13719698,,13719698
13719737,13718965,13719737
13719849,13719767
13719767,,13719767
13719783,13716705,13719783
13719328,13716955,13719328
13719376,,13719376
13719628,13718536,13719628
13719641,13711412,13719641
13719654,13714142,13719654
13719663,13713481,13719663
13719232,,13719232
13719303,,13719303
13719798,,13719798
14460778,13719795
13719795,,13719795
13719353,,13719353
13716000,,13716000
13719402,13711188,13719402
13719356,13716334,13719356
13716039,,13716039
13719635,,13719635
13716046,13715697,13716046
13716050,,13716050
13716054,13715902,13716054
13719765,13717962,13719765
13719779,13717954,13719779
13718754,,13718754
13719780,13717627,13719780
13719791,13717902,13719791
13716056,,13716056
13719796,13717890,13719796
13716060,,13716060
13719799,13719612,13719799
13716061,,13716061
13716068,,13716068
13716073,,13716073
13718824,13717170,13718824
13716090,,13716090
13716098,,13716098
13716101,,13716101
13718956,,13718956
13716111,13715902,13716111
13716112,,13716112
13716115,,13716115
13716125,13715885,13716125
13748088,13716147
13716147,,13716147
13716168,,13716168
13720058,13716171
13727844,13716171
13716171,,13716171
13719260,,13719260
13719556,,13719556
13716175,,13716175
13719491,13717170,13719491
13716211,13714065,13716211
13716237,13715835,13716237
13716238,,13716238
13719897,13719776
13719776,,13719776
13719806,13718828,13719806
13716265,13715551,13716265
13726232,13716294
13716294,,13716294
13716313,,13716313
13720152,13716384
13722962,13716384
13723007,13716384
13716384,,13716384
13716393,,13716393
13716400,,13716400
13716413,13714739,13716413
13716419,13714796,13716419
13716444,13715055,13716444
13716445,,13716445
13716479,13715835,13716479
13716553,13714906,13716553
13716557,,13716557
13716573,13715011,13716573
13716577,13715053,13716577
13716606,13715471,13716606
13719807,13713974,13719807
13716614,13715551,13716614
13716615,13715661,13716615
13716620,13715697,13716620
13716627,13705947,13716627
13716645,13715621,13716645
13716661,,13716661
13716700,13714957,13716700
13716726,13714889,13716726
13716737,,13716737
13716781,,13716781
13716804,,13716804
13716839,,13716839
13716907,,13716907
13716915,13715835,13716915
13716923,13715950,13716923
13716928,,13716928
13716938,13715055,13716938
13716950,,13716950
13716971,13714345,13716971
13717012,13714872,13717012
13717032,13714905,13717032
13717050,13714409,13717050
13717051,,13717051
13717057,,13717057
13717103,13714865,13717103
13717109,13715883,13717109
13717125,,13717125
13717131,,13717131
13726216,13717132
13717132,,13717132
13717169,,13717169
13717188,13715260,13717188
13721767,13717197
13726210,13717197
13717197,,13717197
13719488,13718909,13719488
13717211,,13717211
13717218,13715335,13717218
13719502,13719342,13719502
13717220,,13717220
13717246,,13717246
13722959,13717267
13728692,13717267
13750939,13717267
13717267,,13717267
13717283,13715950,13717283
13717291,13712487,13717291
13719527,,13719527
13717297,13715683,13717297
13719531,13719186,13719531
13717298,,13717298
13717310,13715818,13717310
13717311,,13717311
13717312,13715551,13717312
13720139,13717333
13728673,13717333
13717333,,13717333
13719542,,13719542
13717335,13715055,13717335
13729419,13719821
13719821,,13719821
13717337,13714539,13717337
13717339,,13717339
13717344,,13717344
13717370,13712891,13717370
13719546,,13719546
13717375,13713197,13717375
13717377,13714847,13717377
13719577,13718266,13719577
13717398,13715661,13717398
13717402,,13717402
13717408,13715986,13717408
13728668,13717409
13717409,,13717409
13719578,,13719578
13717410,13714345,13717410
13717411,,13717411
13717432,13713961,13717432
13717490,,13717490
13717493,13715883,13717493
13717521,13715055,13717521
13717592,,13717592
13717602,,13717602
13719586,,13719586
13720121,13719599
13719599,,13719599
13717603,13715968,13717603
13719605,,13719605
13717725,13715335,13717725
13717738,13714905,13717738
13717847,13715372,13717847
13717879,13715335,13717879
13717958,13714409,13717958
13724255,13718538
13727702,13718538
13718538,,13718538
13726205,13718621
13718621,,13718621
13718849,13715335,13718849
13719018,13714796,13719018
13719087,13715883,13719087
13719321,13714409,13719321
13719747,13714409,13719747
13719768,13715470,13719768
13719658,,13719658
13719782,13715190,13719782
13719785,13715335,13719785
13719666,,13719666
13719670,,13719670
13719693,13719186,13719693
13719827,13719167,13719827
13719696,13719341,13719696
13719480,,13719480
13719492,,13719492
13719830,13701899,13719830
13719828,13715697,13719828
13719810,13715697,13719810
13719802,,13719802
13720588,13719792
13749323,13719792
13719792,,13719792
13719677,13715815,13719677
13719676,13715661,13719676
13719835,,13719835
13728652,13719642
13719642,,13719642
13719587,13715986,13719587
13719575,,13719575
13719526,13713989,13719526
13719514,13714539,13719514
13719512,,13719512
13719840,,13719840
13719483,13706223,13719483
13719947,13719466
13728645,13719466
13719466,,13719466
13719448,13711182,13719448
13719428,13716925,13719428
13719382,13715363,13719382
13719310,13710831,13719310
13719270,13715818,13719270
13719890,13719268
13719268,,13719268
13719257,13715902,13719257
13719248,13715986,13719248
13719844,13713272,13719844
13719244,,13719244
13719236,13717530,13719236
13719235,13714893,13719235
13725391,13719197
13719197,,13719197
13719169,,13719169
13720328,13719136
13720741,13719136
13726025,13719136
13719136,,13719136
13719122,13713924,13719122
13719114,13713955,13719114
13719112,13715621,13719112
13719932,13719107
13725374,13719107
13719107,,13719107
13719030,13715551,13719030
13719013,13715754,13719013
13718999,13715012,13718999
13718996,,13718996
13718943,,13718943
13719894,13718937
13728624,13718937
13732648,13718937
13718937,,13718937
13718884,13713989,13718884
13718878,13717530,13718878
13718833,13715055,13718833
13718815,13714906,13718815
13718744,13713989,13718744
13718738,13717530,13718738
13719901,13718728
13720299,13718728
13723011,13718728
13718728,,13718728
13720026,13718718
13722657,13718718
13718718,,13718718
13718701,13714726,13718701
13718655,,13718655
13718630,13706442,13718630
13718617,13710831,13718617
13718616,,13718616
13718588,13715551,13718588
13722994,13718576
13718576,,13718576
13718564,13714865,13718564
13718545,13714012,13718545
13718522,13715013,13718522
13718504,,13718504
13718482,13706131,13718482
13718465,13715137,13718465
13718416,,13718416
13718218,13715013,13718218
13718207,13713684,13718207
13718205,13714872,13718205
13718199,13715551,13718199
13718198,13715551,13718198
13718197,,13718197
13718190,13715013,13718190
13718179,13714012,13718179
13718171,13715011,13718171
13718144,13716925,13718144
13718132,13717530,13718132
13719857,13718845,13719857
13718124,13717530,13718124
13718102,13715487,13718102
13718088,13715754,13718088
13728619,13718066
13718066,,13718066
13718053,,13718053
13718050,13713197,13718050
13718049,13715610,13718049
13718036,13715781,13718036
13722893,13718032
13718032,,13718032
13718030,13715697,13718030
13718028,13710831,13718028
13718008,13715684,13718008
13718005,,13718005
13717980,13715835,13717980
13719978,13717951
13717951,,13717951
13717945,13715986,13717945
13719415,,13719415
13719478,13717487,13719478
13717913,,13717913
13719503,13715858,13719503
13719622,,13719622
13719831,13716259,13719831
13719843,13716669,13719843
13725924,13717868
13717868,,13717868
13717866,,13717866
13719525,13683420,13719525
13719633,13453999,13719633
13719653,13453403,13719653
13719836,13716876,13719836
13717855,13714906,13717855
13717803,,13717803
13719817,13717793,13719817
13719819,13719612,13719819
13720155,13717777
13717777,,13717777
13719825,13717741,13719825
13719833,13717763,13719833
13721249,13717751
13717751,,13717751
13717730,13715661,13717730
13719837,13719315,13719837
13719842,13719315,13719842
13719860,13719335,13719860
13747899,13719560
13719560,,13719560
13719619,,13719619
13719858,13713924,13719858
13719660,,13719660
13717680,13715697,13717680
13719851,13575483,13719851
13719876,13715196,13719876
13719888,,13719888
13719895,,13719895
13719894,13718937,13719894
13719891,,13719891
13719890,13719268,13719890
13719407,13718736,13719407
13719413,,13719413
13719416,,13719416
13719427,13719155,13719427
13719435,13719243,13719435
13719441,13718886,13719441
13719449,13718736,13719449
13719465,,13719465
13719470,13719155,13719470
13719472,13716707,13719472
13720539,13719477
13719477,,13719477
13719493,13719302,13719493
13719509,,13719509
13719516,13719155,13719516
13719532,13718925,13719532
13719539,13719085,13719539
13719551,13717343,13719551
13719562,13718457,13719562
13719569,13719217,13719569
13719613,,13719613
13719637,13719217,13719637
13719645,13716707,13719645
13719672,13719302,13719672
13719683,13716691,13719683
13719688,13719243,13719688
13719702,13718886,13719702
13719713,13719155,13719713
13719740,13719085,13719740
13719743,13719217,13719743
13719746,13719217,13719746
13719764,13719085,13719764
13719772,13719085,13719772
13719838,,13719838
13719868,13719217,13719868
13719877,13718900,13719877
13720938,13719880
13719880,,13719880
13719886,13719217,13719886
13726004,13719389
13719389,,13719389
13719396,13719209,13719396
13719582,13718966,13719582
13725989,13719618
13729125,13719618
13735844,13719618
13719618,,13719618
13719728,13719597,13719728
13719761,13718745,13719761
13719826,13719185,13719826
13719834,13719154,13719834
13719864,13718745,13719864
13719885,13719612,13719885
13719889,13717954,13719889
13719849,13719767,13719849
13719855,,13719855
13719866,13718211,13719866
13719887,13712092,13719887
13719915,13711829,13719915
13719797,13706221,13719797
13719809,13705731,13719809
13720117,13719937
13720828,13719937
13723781,13719937
13719937,,13719937
13719946,13718745,13719946
13721839,13719955
13722810,13719955
13719955,,13719955
13719931,13716328,13719931
13719950,13717385,13719950
13719956,13718965,13719956
13719964,13711947,13719964
13719916,,13719916
13719917,13718475,13719917
13719938,13719251,13719938
13719939,13717389,13719939
13719949,13718163,13719949
13719959,13717942,13719959
13719963,13717654,13719963
13721670,13719793
13719793,,13719793
13719813,,13719813
13719822,13719734,13719822
13719841,,13719841
13719863,13719724,13719863
13719983,,13719983
13719992,13719597,13719992
13720945,13719999
13719999,,13719999
13719998,,13719998
13719977,13719612,13719977
13719980,13719504,13719980
13719987,13719612,13719987
13719994,13719211,13719994
13720008,13718941,13720008
13720016,13719205,13720016
13723204,13720034
13728371,13720034
13720034,,13720034
13720038,13719736,13720038
13720049,13718736,13720049
13720028,13716334,13720028
13720092,13720051
13720051,,13720051
13720056,,13720056
13720021,13719055,13720021
13720024,13719179,13720024
13720032,13718605,13720032
13720037,13719055,13720037
13720042,13718449,13720042
13720054,13717627,13720054
13720055,13717660,13720055
13720013,13712099,13720013
13720019,13718345,13720019
13720023,13714760,13720023
13720036,13712639,13720036
13720066,13711976,13720066
13719986,,13719986
13719997,13719724,13719997
13719897,13719776,13719897
13720437,13719861
13719861,,13719861
13719870,13719705,13719870
13719899,,13719899
13719903,,13719903
13721527,13719912
13719912,,13719912
13719925,,13719925
13719928,,13719928
13720088,,13720088
13722963,13719976
13719976,,13719976
13720440,13719996
13722945,13719996
13727024,13719996
13719996,,13719996
13720092,13720051,13720092
13719425,13717154,13719425
13719823,13719342,13719823
13719893,,13719893
13719922,,13719922
13720007,,13720007
13720044,,13720044
13720075,,13720075
13732029,13720087
13720087,,13720087
13721364,13720103
13721671,13720103
13721706,13720103
13720103,,13720103
13721156,13720106
13722289,13720106
13724881,13720106
13720106,,13720106
13720108,13691003,13720108
13718613,13715292,13718613
13719593,,13719593
13720117,13719937,13720117
13719673,,13719673
13719708,,13719708
13721056,13720128
13722589,13720128
13727055,13720128
13720128,,13720128
13720121,13719599,13720121
13720136,,13720136
13720141,,13720141
13720143,,13720143
13720147,13716872,13720147
13723033,13720151
13720151,,13720151
13720154,,13720154
13755788,13720157
13720157,,13720157
13720466,13720167
13720804,13720167
13720825,13720167
13720167,,13720167
13720131,13719381,13720131
13723782,13720188
13726600,13720188
13731931,13720188
13720188,,13720188
13720183,,13720183
13720184,,13720184
13720761,13720189
13721022,13720189
13720189,,13720189
13720195,13718250,13720195
13720197,,13720197
13720200,,13720200
13720910,13720201
13721635,13720201
13720201,,13720201
13720206,,13720206
13720203,13711034,13720203
13720204,,13720204
13720207,13711801,13720207
13720208,,13720208
13722292,13720211
13723901,13720211
13720211,,13720211
13720212,,13720212
13720213,,13720213
13720215,,13720215
13721010,13720220
13723351,13720220
13725708,13720220
13720220,,13720220
13720221,,13720221
13723128,13720216
13726431,13720216
13720216,,13720216
13720178,,13720178
13720222,,13720222
13720224,13712609,13720224
13720225,,13720225
13720420,13720228
13720621,13720228
13720228,,13720228
13720231,,13720231
13720232,,13720232
13720233,,13720233
13720239,13713266,13720239
13720346,13720236
13723853,13720236
13720236,,13720236
13721434,13720050
13720050,,13720050
13720098,,13720098
13720105,13719724,13720105
13726457,13720138
13720138,,13720138
13720168,13719220,13720168
13720176,13719724,13720176
13720193,,13720193
13722215,13720237
13720237,,13720237
13720163,13719996,13720163
13720149,,13720149
13721927,13720242
13722955,13720242
13720242,,13720242
13720241,,13720241
13720355,13720244
13720244,,13720244
13720245,,13720245
13724317,13720256
13724601,13720256
13725395,13720256
13720256,,13720256
13720254,,13720254
13720252,,13720252
13720246,,13720246
13720251,,13720251
13720257,,13720257
13721334,13720259
13794754,13720259
13815938,13720259
13720259,,13720259
13720347,13720258
13720258,,13720258
13720260,,13720260
13720262,,13720262
13720267,,13720267
13720321,13720268
13720268,,13720268
13720275,13720256,13720275
13720271,,13720271
13720273,,13720273
13720276,,13720276
13720617,13720278
13720278,,13720278
13720280,,13720280
13720282,,13720282
13720284,,13720284
13720288,,13720288
13720292,,13720292
13720634,13720297
13720297,,13720297
13720298,,13720298
13720308,13720256,13720308
13721383,13720301
13727573,13720301
13720301,,13720301
13720305,,13720305
13720310,13112660,13720310
13720312,,13720312
13721900,13720318
13723090,13720318
13725412,13720318
13720318,,13720318
13720451,13720320
13720611,13720320
13720320,,13720320
13720321,13720268,13720321
13721321,13720322
13721335,13720322
13721666,13720322
13720322,,13720322
13720323,,13720323
13720324,,13720324
13727877,13720325
13720325,,13720325
13721798,13720326
13726267,13720326
13720326,,13720326
13720329,,13720329
13720398,13720331
13720657,13720331
13720331,,13720331
13720332,,13720332
13720335,,13720335
13720598,13720338
13720338,,13720338
13720339,,13720339
13720341,,13720341
13720345,,13720345
13720342,,13720342
13720351,13719597,13720351
13714656,,13714656
13714773,,13714773
14549180,13714975
13714975,,13714975
13715127,,13715127
13715540,,13715540
13715675,13710265,13715675
13716154,,13716154
13720346,13720236,13720346
13720347,13720258,13720347
13726582,13715213
14481182,13715213
13715213,,13715213
13715930,,13715930
13720356,,13720356
13720392,13720352
13720796,13720352
13721426,13720352
13720352,,13720352
13716293,,13716293
13720353,,13720353
13716500,,13716500
13716518,13711747,13716518
13720355,13720244,13720355
13721270,13720365
13720365,,13720365
13720877,13720363
13720363,,13720363
13720498,13720368
13720528,13720368
13720577,13720368
13720368,,13720368
13726192,13716721
13716721,,13716721
13716807,13711277,13716807
13716921,13711747,13716921
13716979,13711277,13716979
13717184,,13717184
13717542,13711277,13717542
13717720,,13717720
13717878,,13717878
13724879,13720381
13725072,13720381
13725147,13720381
13720381,,13720381
13721119,13720375
13721244,13720375
13721992,13720375
13720375,,13720375
13725306,13720380
13726003,13720380
13726036,13720380
13720380,,13720380
13723035,13720371
13720371,,13720371
13717928,13711747,13717928
13719375,,13719375
13720373,13720340,13720373
13719518,,13719518
13721419,13720378
13720378,,13720378
13720383,,13720383
13720783,13720387
13720387,,13720387
13719753,13711747,13719753
13720283,13711747,13720283
13720390,,13720390
13716603,,13716603
13720392,13720352,13720392
13720394,,13720394
13720395,,13720395
13722027,13720404
13724411,13720404
13732054,13720404
13720404,,13720404
13721404,13720402
13720402,,13720402
13720400,,13720400
13720409,,13720409
13720410,,13720410
13720753,13720269
13720269,,13720269
13720412,13718845,13720412
13720315,13719996,13720315
13720379,13719996,13720379
13720416,,13720416
13720778,13720417
13720949,13720417
13722241,13720417
13720417,,13720417
13720422,13711747,13720422
13720961,13720419
13721144,13720419
13721723,13720419
13720419,,13720419
13720420,13720228,13720420
13720425,,13720425
13721387,13720427
13720427,,13720427
13721382,13720430
13720430,,13720430
13720431,13720368,13720431
13720434,,13720434
13720893,13720442
13722692,13720442
13723552,13720442
13720442,,13720442
13720446,,13720446
13720786,13720448
13721142,13720448
13721375,13720448
13720448,,13720448
13720892,13720458
13720458,,13720458
13720459,13716130,13720459
13720449,,13720449
13720451,13720320,13720451
13720452,,13720452
13720454,,13720454
13720463,,13720463
13721068,13720467
13720467,,13720467
13720719,13720468
13721023,13720468
13720468,,13720468
13722071,13720480
13724115,13720480
13725945,13720480
13720480,,13720480
13722453,13720478
13724525,13720478
13725698,13720478
13720478,,13720478
13720482,,13720482
13720487,13719258,13720487
13720437,13719861,13720437
13720440,13719996,13720440
13722592,13720490
13720490,,13720490
13720495,,13720495
13720498,13720368,13720498
13720501,,13720501
13721607,13720504
13722222,13720504
13724333,13720504
13720504,,13720504
13720507,,13720507
13721002,13720508
13720508,,13720508
13720516,,13720516
13720518,,13720518
13720522,,13720522
13720528,13720368,13720528
13720525,,13720525
13720540,13720128,13720540
13720535,,13720535
13720536,,13720536
13720908,13720546
13725638,13720546
13720546,,13720546
13720553,,13720553
13720567,,13720567
13720563,,13720563
13721366,13720572
13722979,13720572
13725193,13720572
13720572,,13720572
13720577,13720368,13720577
13720966,13720579
13721410,13720579
13725436,13720579
13720579,,13720579
13720583,,13720583
13725053,13720593
13725204,13720593
13725457,13720593
13720593,,13720593
13720659,13720596
13720813,13720596
13720596,,13720596
13720580,,13720580
13720581,,13720581
13720598,13720338,13720598
13720975,13720600
13724149,13720600
13720600,,13720600
13720602,,13720602
13720611,13720320,13720611
13720612,,13720612
13720621,13720228,13720621
13721316,13720625
13720625,,13720625
13720615,,13720615
13720617,13720278,13720617
13720624,,13720624
13720629,13720579,13720629
13721094,13720655
13720655,,13720655
13721407,13720652
13722724,13720652
13722909,13720652
13720652,,13720652
13722850,13720651
13723807,13720651
13720651,,13720651
13720634,13720297,13720634
13720638,,13720638
13720639,,13720639
13720646,,13720646
13720657,13720331,13720657
13720669,,13720669
13720672,13720652,13720672
13724264,13720682
13724311,13720682
13725952,13720682
13720682,,13720682
13720734,13720661
13720661,,13720661
13720662,,13720662
13720667,,13720667
13720668,,13720668
13720692,13720478,13720692
13720689,,13720689
13720691,13720448,13720691
13720696,13720256,13720696
13724487,13720697
13724555,13720697
13724804,13720697
13720697,,13720697
13723543,13720718
13723683,13720718
13724187,13720718
13720718,,13720718
13720591,13718116,13720591
13720726,13720322,13720726
13721319,13720705
13720705,,13720705
13720710,,13720710
13722095,13720739
13722753,13720739
13720739,,13720739
13720714,,13720714
13720719,13720468,13720719
13720721,,13720721
13720727,,13720727
13722035,13720728
13720728,,13720728
13720732,13720448,13720732
13720734,13720661,13720734
13721102,13720736
13720736,,13720736
13722868,13720742
13720742,,13720742
13720745,,13720745
13720746,,13720746
13748235,13720597
13748793,13720597
13749888,13720597
13720597,,13720597
13722242,13720476
13727840,13720476
13736820,13720476
13720476,,13720476
13720272,,13720272
13720243,,13720243
13720752,13720480,13720752
13720112,13715464,13720112
13720091,,13720091
13719966,13713266,13719966
13719904,13716307,13719904
13725270,13719884
13719884,,13719884
13719824,13716137,13719824
13722438,13719766
13722612,13719766
13727901,13719766
13719766,,13719766
13719758,13716905,13719758
13719555,,13719555
13720760,,13720760
13721310,13720756
13720756,,13720756
13721299,13720758
13724286,13720758
13726372,13720758
13720758,,13720758
13720763,13720381,13720763
13730453,13720687
13720687,,13720687
13720753,13720269,13720753
13720774,13720322,13720774
13720779,,13720779
13721278,13720775
13723259,13720775
13726297,13720775
13720775,,13720775
13720776,13720758,13720776
13720777,,13720777
13720778,13720417,13720778
13720783,13720387,13720783
13720781,13720256,13720781
13720785,13720256,13720785
13720786,13720448,13720786
13720787,,13720787
13721192,13720803
13722093,13720803
13722728,13720803
13720803,,13720803
13720796,13720352,13720796
